{
  "initialization_time_planning": 0.16687989234924316,
  "execution_time_planning": 30.568394899368286,
  "total_time": 30.73527479171753
}