{
  "initialization_time_planning": 0.17512154579162598,
  "execution_time_planning": 37.640286922454834,
  "total_time": 37.81540846824646
}