{
  "initialization_time_control": 0.15061664581298828,
  "execution_time_control": 783.6094188690186,
  "total_time": 783.7600355148315
}