{
  "initialization_time_control": 0.18726420402526855,
  "execution_time_control": 701.3037824630737,
  "total_time": 701.491046667099
}