{
  "initialization_time_control": 0.19192123413085938,
  "execution_time_control": 102.37589716911316,
  "total_time": 102.56781840324402
}