{
  "initialization_time_control": 0.15016794204711914,
  "execution_time_control": 182.66013073921204,
  "total_time": 182.81029868125916
}