{
  "initialization_time_control": 0.1508486270904541,
  "execution_time_control": 153.60152125358582,
  "total_time": 153.75236988067627
}