{
  "initialization_time_control": 1.784775972366333,
  "execution_time_control": 2555.8881664276123,
  "total_time": 2557.6729423999786
}