{
  "initialization_time_control": 0.15842485427856445,
  "execution_time_control": 3176.07355260849,
  "total_time": 3176.2319774627686
}