{
  "initialization_time_control": 0.1305980682373047,
  "execution_time_control": 127.24849891662598,
  "total_time": 127.37909698486328
}