{
  "initialization_time_control": 0.1606590747833252,
  "execution_time_control": 246.72397589683533,
  "total_time": 246.88463497161865
}