{
  "initialization_time_control": 0.15201520919799805,
  "execution_time_control": 136.15715670585632,
  "total_time": 136.30917191505432
}