{
  "initialization_time_control": 0.11332821846008301,
  "execution_time_control": 523.6687695980072,
  "total_time": 523.7820978164673
}