{
  "initialization_time_control": 0.1409621238708496,
  "execution_time_control": 128.59535145759583,
  "total_time": 128.73631358146667
}