{
  "initialization_time_control": 0.11282920837402344,
  "execution_time_control": 219.34367775917053,
  "total_time": 219.45650696754456
}