{
  "initialization_time_control": 0.1415882110595703,
  "execution_time_control": 146.4966402053833,
  "total_time": 146.63822841644287
}