{
    "mse_pos_50": 683.3876200687786,
    "mse_vel_50": 36.49355058129385,
    "mse_pos_pm_50": 2534376.1500219563,
    "mse_vel_pm_50": 119301.41012849714,
    "mse_pos_25": 839.9032825347477,
    "mse_vel_25": 44.0838664934328,
    "mse_pos_pm_25": 697028.9917057041,
    "mse_vel_pm_25": 33882.138617458266,
    "mse_pos_100": 817.1126247092933,
    "mse_vel_100": 40.69756688019591,
    "mse_pos_pm_100": 7228896.143922281,
    "mse_vel_pm_100": 325857.2883386005,
    "mean_delta_H": 316.541460216715,
    "mse_rev_pos": 5.932320340824147e-09,
    "mse_rev_vel": 1.1393135164814108e-07,
    "jacobian_det": 1.0000004768371582
}