{
  "initialization_time_control": 1.6938607692718506,
  "execution_time_control": 258.2470643520355,
  "total_time": 259.9409251213074
}