{
  "initialization_time_control": 0.1525430679321289,
  "execution_time_control": 84.06330108642578,
  "total_time": 84.21584415435791
}