{
  "initialization_time_control": 0.14804887771606445,
  "execution_time_control": 182.0538203716278,
  "total_time": 182.20186924934387
}