{
  "initialization_time_control": 0.1487739086151123,
  "execution_time_control": 460.28178548812866,
  "total_time": 460.4305593967438
}