{
  "initialization_time_control": 0.18402814865112305,
  "execution_time_control": 117.45609545707703,
  "total_time": 117.64012360572815
}