{
  "initialization_time_control": 0.12650537490844727,
  "execution_time_control": 284.79986453056335,
  "total_time": 284.9263699054718
}