{
  "initialization_time_control": 0.1491689682006836,
  "execution_time_control": 141.53008818626404,
  "total_time": 141.67925715446472
}