{
  "initialization_time_control": 0.14981698989868164,
  "execution_time_control": 106.1702892780304,
  "total_time": 106.32010626792908
}