{
  "initialization_time_control": 0.15570807456970215,
  "execution_time_control": 101.61215305328369,
  "total_time": 101.7678611278534
}