{
  "initialization_time_control": 0.1539604663848877,
  "execution_time_control": 98.09184408187866,
  "total_time": 98.24580454826355
}