{
  "initialization_time_control": 0.15656638145446777,
  "execution_time_control": 280.14023303985596,
  "total_time": 280.2967994213104
}