{
  "initialization_time_control": 0.14969325065612793,
  "execution_time_control": 195.2947118282318,
  "total_time": 195.44440507888794
}