{
  "initialization_time_control": 0.15361499786376953,
  "execution_time_control": 1101.9727940559387,
  "total_time": 1102.1264090538025
}