{
  "initialization_time_planning": 0.1765000820159912,
  "execution_time_planning": 37.83500051498413,
  "total_time": 38.01150059700012
}