{
  "initialization_time_planning": 0.12054944038391113,
  "execution_time_planning": 36.75503087043762,
  "total_time": 36.87558031082153
}