{
  "initialization_time_control": 0.1251511573791504,
  "execution_time_control": 88.13236403465271,
  "total_time": 88.25751519203186
}