{
  "initialization_time_control": 0.14730405807495117,
  "execution_time_control": 300.1242341995239,
  "total_time": 300.2715382575989
}