{
  "initialization_time_control": 0.10693621635437012,
  "execution_time_control": 446.11779594421387,
  "total_time": 446.22473216056824
}