{
  "initialization_time_control": 0.10968756675720215,
  "execution_time_control": 454.2342801094055,
  "total_time": 454.3439676761627
}