{
  "initialization_time_control": 0.15008997917175293,
  "execution_time_control": 522.1696770191193,
  "total_time": 522.319766998291
}