{
  "initialization_time_control": 0.14710545539855957,
  "execution_time_control": 63.685208797454834,
  "total_time": 63.832314252853394
}