{
  "initialization_time_control": 0.14921069145202637,
  "execution_time_control": 501.90668177604675,
  "total_time": 502.0558924674988
}