{
  "initialization_time_control": 0.11637115478515625,
  "execution_time_control": 222.8572177886963,
  "total_time": 222.97358894348145
}