{
  "initialization_time_control": 0.15382146835327148,
  "execution_time_control": 395.20846819877625,
  "total_time": 395.3622896671295
}