{
  "initialization_time_control": 0.16913557052612305,
  "execution_time_control": 461.59875226020813,
  "total_time": 461.76788783073425
}