{
  "initialization_time_control": 0.15003323554992676,
  "execution_time_control": 92.1990122795105,
  "total_time": 92.34904551506042
}