{
  "initialization_time_planning": 0.18738961219787598,
  "execution_time_planning": 35.9728569984436,
  "total_time": 36.16024661064148
}