{
  "initialization_time_control": 0.14835286140441895,
  "execution_time_control": 119.16853737831116,
  "total_time": 119.31689023971558
}