{
  "initialization_time_control": 0.14989137649536133,
  "execution_time_control": 176.48336577415466,
  "total_time": 176.63325715065002
}