{
  "initialization_time_control": 0.15124297142028809,
  "execution_time_control": 193.51735973358154,
  "total_time": 193.66860270500183
}