{
  "initialization_time_control": 0.1504650115966797,
  "execution_time_control": 180.91895413398743,
  "total_time": 181.0694191455841
}