{
  "initialization_time_control": 0.1471860408782959,
  "execution_time_control": 432.41656732559204,
  "total_time": 432.56375336647034
}