{
  "initialization_time_planning": 1.707155466079712,
  "execution_time_planning": 38.745596408843994,
  "total_time": 40.452751874923706
}