{
  "initialization_time_planning": 0.1245718002319336,
  "execution_time_planning": 38.88158106803894,
  "total_time": 39.006152868270874
}